"_time",cars,salesperson
"1717959600.000000",1,Rich
"1717959600.000000",1,David
"1717963200.000000",0,Rich
"1717963200.000000",0,David
"1717966800.000000",1,Rich
"1717966800.000000",2,David
"1717970400.000000",2,Rich
"1717970400.000000",3,David
