"_time",cars,salesperson
"1717430400.000000",1,Rich
"1717430400.000000",1,David
"1717434000.000000",0,Rich
"1717434000.000000",0,David
"1717437600.000000",1,Rich
"1717437600.000000",2,David
"1717441200.000000",2,Rich
"1717441200.000000",3,David
