"_time",cars,salesperson
"1716994800.000000",1,Rich
"1716994800.000000",1,David
"1716998400.000000",0,Rich
"1716998400.000000",0,David
"1717002000.000000",1,Rich
"1717002000.000000",2,David
"1717005600.000000",2,Rich
"1717005600.000000",3,David
